{
  "processing_info": {
    "image_file": "image.jpg",
    "iterations": 200,
    "converged": false,
    "job_id": "9b120abe-ce6f-4d3b-b194-6ecaa99cfdfb",
    "processed_at": "2025-07-06T13:23:24.260113"
  },
  "test_results": {
    "total_images": 1,
    "successful_loads": 1,
    "failed_loads": 0,
    "formats_tested": {
      ".jpg": {
        "files": 1,
        "successful": 1,
        "failed": 0,
        "errors": []
      }
    },
    "errors": []
  },
  "dem_analysis": {
    "basic_stats": {
      "min_height": -1481.6491538173443,
      "max_height": 758.3164071706419,
      "mean_height": -586.2651502968803,
      "std_height": 521.9223423172857,
      "height_range": 2239.9655609879865
    },
    "gradient_stats": {
      "mean_slope": 17.872950322206382,
      "max_slope": 314.2757728918273,
      "std_slope": 20.636593153824748,
      "steep_areas_percent": 5.157979329427084
    },
    "roughness_stats": {
      "mean_roughness": 11.048158168906985,
      "max_roughness": 577.2154922931013,
      "std_roughness": 17.05135606142097
    },
    "correlation_with_image": 0.9040043717251224,
    "mission_metrics": {
      "crater_candidates": 135141,
      "ridge_features": 5804,
      "flat_terrain_percent": 21.367051866319446,
      "suitable_landing_sites": 125445,
      "data_completeness": 100.0,
      "disparity_range": 2239.9655609879865,
      "sub_pixel_accuracy": 0.001915993853721791
    },
    "quality_score": 85
  }
}