{
  "processing_info": {
    "image_file": "moon1.png",
    "iterations": 200,
    "converged": false,
    "job_id": "3a368432-8cee-4069-bb78-acddf8d2acc2",
    "processed_at": "2025-07-07T13:29:09.448467"
  },
  "test_results": {
    "total_images": 1,
    "successful_loads": 1,
    "failed_loads": 0,
    "formats_tested": {
      ".png": {
        "files": 1,
        "successful": 1,
        "failed": 0,
        "errors": []
      }
    },
    "errors": []
  },
  "dem_analysis": {
    "basic_stats": {
      "min_height": -1239.7492854220839,
      "max_height": 650.6395288519657,
      "mean_height": -387.86016008078593,
      "std_height": 313.4206984953638,
      "height_range": 1890.3888142740495
    },
    "gradient_stats": {
      "mean_slope": 11.56537562184557,
      "max_slope": 204.503349579249,
      "std_slope": 11.184611199127234,
      "steep_areas_percent": 4.556423880297075
    },
    "roughness_stats": {
      "mean_roughness": 11.668568170209642,
      "max_roughness": 676.0678284785354,
      "std_roughness": 12.399685405423137
    },
    "correlation_with_image": 0.8545923111705291,
    "mission_metrics": {
      "crater_candidates": 51079,
      "ridge_features": 31744,
      "flat_terrain_percent": 0.3362616916336497,
      "suitable_landing_sites": 269,
      "data_completeness": 100.0,
      "disparity_range": 1890.3888142740495,
      "sub_pixel_accuracy": 0.0031905997427760574
    },
    "quality_score": 75
  }
}