{
  "processing_info": {
    "image_file": "image.jpg",
    "iterations": 200,
    "converged": false,
    "job_id": "552c6377-f821-4872-a2c2-bcb761b1829d",
    "processed_at": "2025-07-07T16:05:09.853065"
  },
  "test_results": {
    "total_images": 1,
    "successful_loads": 1,
    "failed_loads": 0,
    "formats_tested": {
      ".jpg": {
        "files": 1,
        "successful": 1,
        "failed": 0,
        "errors": []
      }
    },
    "errors": []
  },
  "dem_analysis": {
    "basic_stats": {
      "min_height": -1481.649153817344,
      "max_height": 758.3164071706424,
      "mean_height": -586.2651502968802,
      "std_height": 521.9223423172858,
      "height_range": 2239.9655609879865
    },
    "gradient_stats": {
      "mean_slope": 17.872950322206375,
      "max_slope": 314.2757728918273,
      "std_slope": 20.636593153824744,
      "steep_areas_percent": 5.157979329427084
    },
    "roughness_stats": {
      "mean_roughness": 11.048158168906987,
      "max_roughness": 577.2154922931013,
      "std_roughness": 17.051356061420975
    },
    "correlation_with_image": 0.9040043717251343,
    "mission_metrics": {
      "crater_candidates": 135141,
      "ridge_features": 5804,
      "flat_terrain_percent": 21.367051866319446,
      "suitable_landing_sites": 125445,
      "data_completeness": 100.0,
      "disparity_range": 2239.9655609879865,
      "sub_pixel_accuracy": 0.0019159938537217905
    },
    "quality_score": 85
  }
}